us01_iptvm3ulist_com_010622.,https://iptvm3ulist.com/m3u/us01_iptvm3ulist_com_010622.m3u
us02_iptvm3ulist_com_010622.,https://iptvm3ulist.com/m3u/us02_iptvm3ulist_com_010622.m3u
us03_iptvm3ulist_com_010622.,https://iptvm3ulist.com/m3u/us03_iptvm3ulist_com_010622.m3u
us04_iptvm3ulist_com_010622.,https://iptvm3ulist.com/m3u/us04_iptvm3ulist_com_010622.m3u
us05_iptvm3ulist_com_010622.,https://iptvm3ulist.com/m3u/us05_iptvm3ulist_com_010622.m3u
us06_iptvm3ulist_com_010622.,https://iptvm3ulist.com/m3u/us06_iptvm3ulist_com_010622.m3u
us07_iptvm3ulist_com_010622.,https://iptvm3ulist.com/m3u/us07_iptvm3ulist_com_010622.m3u
us-m3uplaylist-2022-06-01-1.,https://dailyiptvlist.com/dl/us-m3uplaylist-2022-06-01-1.m3u
us-m3uplaylist-2022-06-01-2.,https://dailyiptvlist.com/dl/us-m3uplaylist-2022-06-01-2.m3u
us-m3uplaylist-2022-06-01-3.,https://dailyiptvlist.com/dl/us-m3uplaylist-2022-06-01-3.m3u
us-m3uplaylist-2022-06-01-4.,https://dailyiptvlist.com/dl/us-m3uplaylist-2022-06-01-4.m3u
us-m3uplaylist-2022-06-01-5.,https://dailyiptvlist.com/dl/us-m3uplaylist-2022-06-01-5.m3u
us-m3uplaylist-2022-06-01-6.,https://dailyiptvlist.com/dl/us-m3uplaylist-2022-06-01-6.m3u
us-m3uplaylist-2022-06-01-7.,https://dailyiptvlist.com/dl/us-m3uplaylist-2022-06-01-7.m3u
